financial_year,maker,market_share,month,num_vehicles,Sales_Date,brand_key
2019-20,Hero Electric,0.3,Apr,1776,01-04-2019,Hero Electric
2019-20,Hero Electric,0.3,May,455,01-05-2019,Hero Electric
2019-20,Hero Electric,0.3,Jun,329,01-06-2019,Hero Electric
2019-20,Hero Electric,0.3,Jul,260,01-07-2019,Hero Electric
2019-20,Hero Electric,0.3,Aug,249,01-08-2019,Hero Electric
2019-20,Hero Electric,0.3,Sep,245,01-09-2019,Hero Electric
2019-20,Hero Electric,0.3,Oct,541,01-10-2019,Hero Electric
2019-20,Hero Electric,0.3,Nov,859,01-11-2019,Hero Electric
2019-20,Hero Electric,0.3,Dec,459,01-12-2019,Hero Electric
2019-20,Hero Electric,0.3,Jan,616,01-01-2020,Hero Electric
2019-20,Hero Electric,0.3,Feb,648,01-02-2020,Hero Electric
2019-20,Hero Electric,0.3,Mar,1428,01-03-2020,Hero Electric
2019-20,Okinawa Autotech,0.38,Apr,928,01-04-2019,Okinawa
2019-20,Okinawa Autotech,0.38,May,847,01-05-2019,Okinawa
2019-20,Okinawa Autotech,0.38,Jun,688,01-06-2019,Okinawa
2019-20,Okinawa Autotech,0.38,Jul,824,01-07-2019,Okinawa
2019-20,Okinawa Autotech,0.38,Aug,818,01-08-2019,Okinawa
2019-20,Okinawa Autotech,0.38,Sep,914,01-09-2019,Okinawa
2019-20,Okinawa Autotech,0.38,Oct,1006,01-10-2019,Okinawa
2019-20,Okinawa Autotech,0.38,Nov,1394,01-11-2019,Okinawa
2019-20,Okinawa Autotech,0.38,Dec,762,01-12-2019,Okinawa
2019-20,Okinawa Autotech,0.38,Jan,715,01-01-2020,Okinawa
2019-20,Okinawa Autotech,0.38,Feb,664,01-02-2020,Okinawa
2019-20,Okinawa Autotech,0.38,Mar,575,01-03-2020,Okinawa
2019-20,Ather Energy,0.11,Apr,28,01-04-2019,Ather
2019-20,Ather Energy,0.11,May,107,01-05-2019,Ather
2019-20,Ather Energy,0.11,Jun,464,01-06-2019,Ather
2019-20,Ather Energy,0.11,Jul,300,01-07-2019,Ather
2019-20,Ather Energy,0.11,Aug,183,01-08-2019,Ather
2019-20,Ather Energy,0.11,Sep,96,01-09-2019,Ather
2019-20,Ather Energy,0.11,Oct,140,01-10-2019,Ather
2019-20,Ather Energy,0.11,Nov,358,01-11-2019,Ather
2019-20,Ather Energy,0.11,Dec,282,01-12-2019,Ather
2019-20,Ather Energy,0.11,Jan,284,01-01-2020,Ather
2019-20,Ather Energy,0.11,Feb,369,01-02-2020,Ather
2019-20,Ather Energy,0.11,Mar,294,01-03-2020,Ather
2019-20,Ampere Vehicles,0.09,Apr,0,01-04-2019,Ampere
2019-20,Ampere Vehicles,0.09,May,103,01-05-2019,Ampere
2019-20,Ampere Vehicles,0.09,Jun,107,01-06-2019,Ampere
2019-20,Ampere Vehicles,0.09,Jul,35,01-07-2019,Ampere
2019-20,Ampere Vehicles,0.09,Aug,57,01-08-2019,Ampere
2019-20,Ampere Vehicles,0.09,Sep,155,01-09-2019,Ampere
2019-20,Ampere Vehicles,0.09,Oct,176,01-10-2019,Ampere
2019-20,Ampere Vehicles,0.09,Nov,135,01-11-2019,Ampere
2019-20,Ampere Vehicles,0.09,Dec,434,01-12-2019,Ampere
2019-20,Ampere Vehicles,0.09,Jan,867,01-01-2020,Ampere
2019-20,Ampere Vehicles,0.09,Feb,296,01-02-2020,Ampere
2019-20,Ampere Vehicles,0.09,Mar,153,01-03-2020,Ampere
2019-20,Revolt,0.04,Apr,0,01-04-2019,Revolt
2019-20,Revolt,0.04,May,0,01-05-2019,Revolt
2019-20,Revolt,0.04,Jun,0,01-06-2019,Revolt
2019-20,Revolt,0.04,Jul,0,01-07-2019,Revolt
2019-20,Revolt,0.04,Aug,0,01-08-2019,Revolt
2019-20,Revolt,0.04,Sep,0,01-09-2019,Revolt
2019-20,Revolt,0.04,Oct,89,01-10-2019,Revolt
2019-20,Revolt,0.04,Nov,189,01-11-2019,Revolt
2019-20,Revolt,0.04,Dec,202,01-12-2019,Revolt
2019-20,Revolt,0.04,Jan,314,01-01-2020,Revolt
2019-20,Revolt,0.04,Feb,155,01-02-2020,Revolt
2019-20,Revolt,0.04,Mar,114,01-03-2020,Revolt
2019-20,Others,0.08,Apr,247,01-04-2019,Others
2019-20,Others,0.08,May,128,01-05-2019,Others
2019-20,Others,0.08,Jun,146,01-06-2019,Others
2019-20,Others,0.08,Jul,135,01-07-2019,Others
2019-20,Others,0.08,Aug,179,01-08-2019,Others
2019-20,Others,0.08,Sep,135,01-09-2019,Others
2019-20,Others,0.08,Oct,167,01-10-2019,Others
2019-20,Others,0.08,Nov,187,01-11-2019,Others
2019-20,Others,0.08,Dec,81,01-12-2019,Others
2019-20,Others,0.08,Jan,129,01-01-2020,Others
2019-20,Others,0.08,Feb,204,01-02-2020,Others
2019-20,Others,0.08,Mar,288,01-03-2020,Others
2020-21,Hero Electric,0.36,Apr,39,01-04-2020,Hero Electric
2020-21,Hero Electric,0.36,May,200,01-05-2020,Hero Electric
2020-21,Hero Electric,0.36,Jun,530,01-06-2020,Hero Electric
2020-21,Hero Electric,0.36,Jul,421,01-07-2020,Hero Electric
2020-21,Hero Electric,0.36,Aug,581,01-08-2020,Hero Electric
2020-21,Hero Electric,0.36,Sep,1102,01-09-2020,Hero Electric
2020-21,Hero Electric,0.36,Oct,355,01-10-2020,Hero Electric
2020-21,Hero Electric,0.36,Nov,1219,01-11-2020,Hero Electric
2020-21,Hero Electric,0.36,Dec,1701,01-12-2020,Hero Electric
2020-21,Hero Electric,0.36,Jan,1788,01-01-2021,Hero Electric
2020-21,Hero Electric,0.36,Feb,2308,01-02-2021,Hero Electric
2020-21,Hero Electric,0.36,Mar,5712,01-03-2021,Hero Electric
2020-21,Okinawa Autotech,0.16,Apr,27,01-04-2020,Okinawa
2020-21,Okinawa Autotech,0.16,May,90,01-05-2020,Okinawa
2020-21,Okinawa Autotech,0.16,Jun,356,01-06-2020,Okinawa
2020-21,Okinawa Autotech,0.16,Jul,409,01-07-2020,Okinawa
2020-21,Okinawa Autotech,0.16,Aug,413,01-08-2020,Okinawa
2020-21,Okinawa Autotech,0.16,Sep,552,01-09-2020,Okinawa
2020-21,Okinawa Autotech,0.16,Oct,548,01-10-2020,Okinawa
2020-21,Okinawa Autotech,0.16,Nov,642,01-11-2020,Okinawa
2020-21,Okinawa Autotech,0.16,Dec,613,01-12-2020,Okinawa
2020-21,Okinawa Autotech,0.16,Jan,725,01-01-2021,Okinawa
2020-21,Okinawa Autotech,0.16,Feb,1067,01-02-2021,Okinawa
2020-21,Okinawa Autotech,0.16,Mar,1530,01-03-2021,Okinawa
2020-21,Ampere Vehicles,0.14,Apr,4,01-04-2020,Ampere
2020-21,Ampere Vehicles,0.14,May,44,01-05-2020,Ampere
2020-21,Ampere Vehicles,0.14,Jun,155,01-06-2020,Ampere
2020-21,Ampere Vehicles,0.14,Jul,204,01-07-2020,Ampere
2020-21,Ampere Vehicles,0.14,Aug,252,01-08-2020,Ampere
2020-21,Ampere Vehicles,0.14,Sep,311,01-09-2020,Ampere
2020-21,Ampere Vehicles,0.14,Oct,786,01-10-2020,Ampere
2020-21,Ampere Vehicles,0.14,Nov,655,01-11-2020,Ampere
2020-21,Ampere Vehicles,0.14,Dec,942,01-12-2020,Ampere
2020-21,Ampere Vehicles,0.14,Jan,954,01-01-2021,Ampere
2020-21,Ampere Vehicles,0.14,Feb,825,01-02-2021,Ampere
2020-21,Ampere Vehicles,0.14,Mar,957,01-03-2021,Ampere
2020-21,Ather Energy,0.1,Apr,0,01-04-2020,Ather
2020-21,Ather Energy,0.1,May,143,01-05-2020,Ather
2020-21,Ather Energy,0.1,Jun,157,01-06-2020,Ather
2020-21,Ather Energy,0.1,Jul,144,01-07-2020,Ather
2020-21,Ather Energy,0.1,Aug,243,01-08-2020,Ather
2020-21,Ather Energy,0.1,Sep,265,01-09-2020,Ather
2020-21,Ather Energy,0.1,Oct,258,01-10-2020,Ather
2020-21,Ather Energy,0.1,Nov,360,01-11-2020,Ather
2020-21,Ather Energy,0.1,Dec,535,01-12-2020,Ather
2020-21,Ather Energy,0.1,Jan,606,01-01-2021,Ather
2020-21,Ather Energy,0.1,Feb,626,01-02-2021,Ather
2020-21,Ather Energy,0.1,Mar,1064,01-03-2021,Ather
2020-21,Revolt,0.04,Apr,0,01-04-2020,Revolt
2020-21,Revolt,0.04,May,0,01-05-2020,Revolt
2020-21,Revolt,0.04,Jun,102,01-06-2020,Revolt
2020-21,Revolt,0.04,Jul,125,01-07-2020,Revolt
2020-21,Revolt,0.04,Aug,274,01-08-2020,Revolt
2020-21,Revolt,0.04,Sep,89,01-09-2020,Revolt
2020-21,Revolt,0.04,Oct,215,01-10-2020,Revolt
2020-21,Revolt,0.04,Nov,459,01-11-2020,Revolt
2020-21,Revolt,0.04,Dec,251,01-12-2020,Revolt
2020-21,Revolt,0.04,Jan,155,01-01-2021,Revolt
2020-21,Revolt,0.04,Feb,70,01-02-2021,Revolt
2020-21,Revolt,0.04,Mar,53,01-03-2021,Revolt
2020-21,Bajaj,0.03,Apr,0,01-04-2020,Bajaj
2020-21,Bajaj,0.03,May,28,01-05-2020,Bajaj
2020-21,Bajaj,0.03,Jun,67,01-06-2020,Bajaj
2020-21,Bajaj,0.03,Jul,32,01-07-2020,Bajaj
2020-21,Bajaj,0.03,Aug,96,01-08-2020,Bajaj
2020-21,Bajaj,0.03,Sep,231,01-09-2020,Bajaj
2020-21,Bajaj,0.03,Oct,222,01-10-2020,Bajaj
2020-21,Bajaj,0.03,Nov,253,01-11-2020,Bajaj
2020-21,Bajaj,0.03,Dec,184,01-12-2020,Bajaj
2020-21,Bajaj,0.03,Jan,100,01-01-2021,Bajaj
2020-21,Bajaj,0.03,Feb,111,01-02-2021,Bajaj
2020-21,Bajaj,0.03,Mar,146,01-03-2021,Bajaj
2020-21,Pure EV,0.05,Apr,0,01-04-2020,Pure EV
2020-21,Pure EV,0.05,May,8,01-05-2020,Pure EV
2020-21,Pure EV,0.05,Jun,4,01-06-2020,Pure EV
2020-21,Pure EV,0.05,Jul,24,01-07-2020,Pure EV
2020-21,Pure EV,0.05,Aug,79,01-08-2020,Pure EV
2020-21,Pure EV,0.05,Sep,104,01-09-2020,Pure EV
2020-21,Pure EV,0.05,Oct,163,01-10-2020,Pure EV
2020-21,Pure EV,0.05,Nov,168,01-11-2020,Pure EV
2020-21,Pure EV,0.05,Dec,171,01-12-2020,Pure EV
2020-21,Pure EV,0.05,Jan,272,01-01-2021,Pure EV
2020-21,Pure EV,0.05,Feb,408,01-02-2021,Pure EV
2020-21,Pure EV,0.05,Mar,679,01-03-2021,Pure EV
2020-21,Benling,0.03,Apr,0,01-04-2020,Benling
2020-21,Benling,0.03,May,23,01-05-2020,Benling
2020-21,Benling,0.03,Jun,33,01-06-2020,Benling
2020-21,Benling,0.03,Jul,41,01-07-2020,Benling
2020-21,Benling,0.03,Aug,53,01-08-2020,Benling
2020-21,Benling,0.03,Sep,99,01-09-2020,Benling
2020-21,Benling,0.03,Oct,70,01-10-2020,Benling
2020-21,Benling,0.03,Nov,88,01-11-2020,Benling
2020-21,Benling,0.03,Dec,120,01-12-2020,Benling
2020-21,Benling,0.03,Jan,169,01-01-2021,Benling
2020-21,Benling,0.03,Feb,256,01-02-2021,Benling
2020-21,Benling,0.03,Mar,156,01-03-2021,Benling
2020-21,Jitendra,0.01,Apr,0,01-04-2020,Jitendra
2020-21,Jitendra,0.01,May,1,01-05-2020,Jitendra
2020-21,Jitendra,0.01,Jun,7,01-06-2020,Jitendra
2020-21,Jitendra,0.01,Jul,15,01-07-2020,Jitendra
2020-21,Jitendra,0.01,Aug,13,01-08-2020,Jitendra
2020-21,Jitendra,0.01,Sep,76,01-09-2020,Jitendra
2020-21,Jitendra,0.01,Oct,101,01-10-2020,Jitendra
2020-21,Jitendra,0.01,Nov,56,01-11-2020,Jitendra
2020-21,Jitendra,0.01,Dec,88,01-12-2020,Jitendra
2020-21,Jitendra,0.01,Jan,37,01-01-2021,Jitendra
2020-21,Jitendra,0.01,Feb,124,01-02-2021,Jitendra
2020-21,Jitendra,0.01,Mar,101,01-03-2021,Jitendra
2020-21,TVS,0.02,Apr,0,01-04-2020,TVS
2020-21,TVS,0.02,May,19,01-05-2020,TVS
2020-21,TVS,0.02,Jun,28,01-06-2020,TVS
2020-21,TVS,0.02,Jul,25,01-07-2020,TVS
2020-21,TVS,0.02,Aug,22,01-08-2020,TVS
2020-21,TVS,0.02,Sep,25,01-09-2020,TVS
2020-21,TVS,0.02,Oct,26,01-10-2020,TVS
2020-21,TVS,0.02,Nov,26,01-11-2020,TVS
2020-21,TVS,0.02,Dec,42,01-12-2020,TVS
2020-21,TVS,0.02,Jan,149,01-01-2021,TVS
2020-21,TVS,0.02,Feb,208,01-02-2021,TVS
2020-21,TVS,0.02,Mar,267,01-03-2021,TVS
2020-21,Others,0.07,Apr,13,01-04-2020,Others
2020-21,Others,0.07,May,2,01-05-2020,Others
2020-21,Others,0.07,Jun,56,01-06-2020,Others
2020-21,Others,0.07,Jul,37,01-07-2020,Others
2020-21,Others,0.07,Aug,70,01-08-2020,Others
2020-21,Others,0.07,Sep,181,01-09-2020,Others
2020-21,Others,0.07,Oct,154,01-10-2020,Others
2020-21,Others,0.07,Nov,224,01-11-2020,Others
2020-21,Others,0.07,Dec,264,01-12-2020,Others
2020-21,Others,0.07,Jan,309,01-01-2021,Others
2020-21,Others,0.07,Feb,520,01-02-2021,Others
2020-21,Others,0.07,Mar,1139,01-03-2021,Others
2021-22,Hero Electric,0.28,Apr,759,01-04-2021,Hero Electric
2021-22,Hero Electric,0.28,May,170,01-05-2021,Hero Electric
2021-22,Hero Electric,0.28,Jun,1337,01-06-2021,Hero Electric
2021-22,Hero Electric,0.28,Jul,4572,01-07-2021,Hero Electric
2021-22,Hero Electric,0.28,Aug,5475,01-08-2021,Hero Electric
2021-22,Hero Electric,0.28,Sep,6652,01-09-2021,Hero Electric
2021-22,Hero Electric,0.28,Oct,6687,01-10-2021,Hero Electric
2021-22,Hero Electric,0.28,Nov,7457,01-11-2021,Hero Electric
2021-22,Hero Electric,0.28,Dec,6407,01-12-2021,Hero Electric
2021-22,Hero Electric,0.28,Jan,8153,01-01-2022,Hero Electric
2021-22,Hero Electric,0.28,Feb,7705,01-02-2022,Hero Electric
2021-22,Hero Electric,0.28,Mar,13562,01-03-2022,Hero Electric
2021-22,Okinawa Autotech,0.19,Apr,1193,01-04-2021,Okinawa
2021-22,Okinawa Autotech,0.19,May,217,01-05-2021,Okinawa
2021-22,Okinawa Autotech,0.19,Jun,960,01-06-2021,Okinawa
2021-22,Okinawa Autotech,0.19,Jul,2580,01-07-2021,Okinawa
2021-22,Okinawa Autotech,0.19,Aug,2855,01-08-2021,Okinawa
2021-22,Okinawa Autotech,0.19,Sep,3266,01-09-2021,Okinawa
2021-22,Okinawa Autotech,0.19,Oct,4086,01-10-2021,Okinawa
2021-22,Okinawa Autotech,0.19,Nov,5372,01-11-2021,Okinawa
2021-22,Okinawa Autotech,0.19,Dec,6101,01-12-2021,Okinawa
2021-22,Okinawa Autotech,0.19,Jan,5615,01-01-2022,Okinawa
2021-22,Okinawa Autotech,0.19,Feb,5924,01-02-2022,Okinawa
2021-22,Okinawa Autotech,0.19,Mar,8285,01-03-2022,Okinawa
2021-22,Ampere Vehicles,0.1,Apr,751,01-04-2021,Ampere
2021-22,Ampere Vehicles,0.1,May,147,01-05-2021,Ampere
2021-22,Ampere Vehicles,0.1,Jun,299,01-06-2021,Ampere
2021-22,Ampere Vehicles,0.1,Jul,663,01-07-2021,Ampere
2021-22,Ampere Vehicles,0.1,Aug,810,01-08-2021,Ampere
2021-22,Ampere Vehicles,0.1,Sep,807,01-09-2021,Ampere
2021-22,Ampere Vehicles,0.1,Oct,1083,01-10-2021,Ampere
2021-22,Ampere Vehicles,0.1,Nov,2078,01-11-2021,Ampere
2021-22,Ampere Vehicles,0.1,Dec,3411,01-12-2021,Ampere
2021-22,Ampere Vehicles,0.1,Jan,4367,01-01-2022,Ampere
2021-22,Ampere Vehicles,0.1,Feb,4433,01-02-2022,Ampere
2021-22,Ampere Vehicles,0.1,Mar,6668,01-03-2022,Ampere
2021-22,Ather Energy,0.08,Apr,903,01-04-2021,Ather
2021-22,Ather Energy,0.08,May,160,01-05-2021,Ather
2021-22,Ather Energy,0.08,Jun,319,01-06-2021,Ather
2021-22,Ather Energy,0.08,Jul,1799,01-07-2021,Ather
2021-22,Ather Energy,0.08,Aug,1612,01-08-2021,Ather
2021-22,Ather Energy,0.08,Sep,2175,01-09-2021,Ather
2021-22,Ather Energy,0.08,Oct,2648,01-10-2021,Ather
2021-22,Ather Energy,0.08,Nov,2203,01-11-2021,Ather
2021-22,Ather Energy,0.08,Dec,1813,01-12-2021,Ather
2021-22,Ather Energy,0.08,Jan,1881,01-01-2022,Ather
2021-22,Ather Energy,0.08,Feb,2233,01-02-2022,Ather
2021-22,Ather Energy,0.08,Mar,2233,01-03-2022,Ather
2021-22,Pure EV,0.06,Apr,581,01-04-2021,Pure EV
2021-22,Pure EV,0.06,May,122,01-05-2021,Pure EV
2021-22,Pure EV,0.06,Jun,460,01-06-2021,Pure EV
2021-22,Pure EV,0.06,Jul,1318,01-07-2021,Pure EV
2021-22,Pure EV,0.06,Aug,1094,01-08-2021,Pure EV
2021-22,Pure EV,0.06,Sep,1337,01-09-2021,Pure EV
2021-22,Pure EV,0.06,Oct,1400,01-10-2021,Pure EV
2021-22,Pure EV,0.06,Nov,1688,01-11-2021,Pure EV
2021-22,Pure EV,0.06,Dec,1685,01-12-2021,Pure EV
2021-22,Pure EV,0.06,Jan,1691,01-01-2022,Pure EV
2021-22,Pure EV,0.06,Feb,1428,01-02-2022,Pure EV
2021-22,Pure EV,0.06,Mar,2066,01-03-2022,Pure EV
2021-22,Ola Electric,0.06,Apr,0,01-04-2021,Ola
2021-22,Ola Electric,0.06,May,0,01-05-2021,Ola
2021-22,Ola Electric,0.06,Jun,0,01-06-2021,Ola
2021-22,Ola Electric,0.06,Jul,0,01-07-2021,Ola
2021-22,Ola Electric,0.06,Aug,0,01-08-2021,Ola
2021-22,Ola Electric,0.06,Sep,0,01-09-2021,Ola
2021-22,Ola Electric,0.06,Oct,0,01-10-2021,Ola
2021-22,Ola Electric,0.06,Nov,0,01-11-2021,Ola
2021-22,Ola Electric,0.06,Dec,240,01-12-2021,Ola
2021-22,Ola Electric,0.06,Jan,1106,01-01-2022,Ola
2021-22,Ola Electric,0.06,Feb,3910,01-02-2022,Ola
2021-22,Ola Electric,0.06,Mar,9143,01-03-2022,Ola
2021-22,TVS,0.04,Apr,302,01-04-2021,TVS
2021-22,TVS,0.04,May,9,01-05-2021,TVS
2021-22,TVS,0.04,Jun,208,01-06-2021,TVS
2021-22,TVS,0.04,Jul,648,01-07-2021,TVS
2021-22,TVS,0.04,Aug,651,01-08-2021,TVS
2021-22,TVS,0.04,Sep,688,01-09-2021,TVS
2021-22,TVS,0.04,Oct,486,01-10-2021,TVS
2021-22,TVS,0.04,Nov,522,01-11-2021,TVS
2021-22,TVS,0.04,Dec,1118,01-12-2021,TVS
2021-22,TVS,0.04,Jan,1156,01-01-2022,TVS
2021-22,TVS,0.04,Feb,1554,01-02-2022,TVS
2021-22,TVS,0.04,Mar,2388,01-03-2022,TVS
2021-22,Revolt,0.03,Apr,138,01-04-2021,Revolt
2021-22,Revolt,0.03,May,42,01-05-2021,Revolt
2021-22,Revolt,0.03,Jun,59,01-06-2021,Revolt
2021-22,Revolt,0.03,Jul,322,01-07-2021,Revolt
2021-22,Revolt,0.03,Aug,854,01-08-2021,Revolt
2021-22,Revolt,0.03,Sep,499,01-09-2021,Revolt
2021-22,Revolt,0.03,Oct,900,01-10-2021,Revolt
2021-22,Revolt,0.03,Nov,779,01-11-2021,Revolt
2021-22,Revolt,0.03,Dec,835,01-12-2021,Revolt
2021-22,Revolt,0.03,Jan,673,01-01-2022,Revolt
2021-22,Revolt,0.03,Feb,1128,01-02-2022,Revolt
2021-22,Revolt,0.03,Mar,1412,01-03-2022,Revolt
2021-22,Bajaj,0.03,Apr,48,01-04-2021,Bajaj
2021-22,Bajaj,0.03,May,20,01-05-2021,Bajaj
2021-22,Bajaj,0.03,Jun,176,01-06-2021,Bajaj
2021-22,Bajaj,0.03,Jul,729,01-07-2021,Bajaj
2021-22,Bajaj,0.03,Aug,796,01-08-2021,Bajaj
2021-22,Bajaj,0.03,Sep,381,01-09-2021,Bajaj
2021-22,Bajaj,0.03,Oct,754,01-10-2021,Bajaj
2021-22,Bajaj,0.03,Nov,728,01-11-2021,Bajaj
2021-22,Bajaj,0.03,Dec,642,01-12-2021,Bajaj
2021-22,Bajaj,0.03,Jan,612,01-01-2022,Bajaj
2021-22,Bajaj,0.03,Feb,1371,01-02-2022,Bajaj
2021-22,Bajaj,0.03,Mar,854,01-03-2022,Bajaj
2021-22,Benling,0.03,Apr,171,01-04-2021,Benling
2021-22,Benling,0.03,May,54,01-05-2021,Benling
2021-22,Benling,0.03,Jun,174,01-06-2021,Benling
2021-22,Benling,0.03,Jul,473,01-07-2021,Benling
2021-22,Benling,0.03,Aug,294,01-08-2021,Benling
2021-22,Benling,0.03,Sep,311,01-09-2021,Benling
2021-22,Benling,0.03,Oct,433,01-10-2021,Benling
2021-22,Benling,0.03,Nov,857,01-11-2021,Benling
2021-22,Benling,0.03,Dec,1094,01-12-2021,Benling
2021-22,Benling,0.03,Jan,1062,01-01-2022,Benling
2021-22,Benling,0.03,Feb,1149,01-02-2022,Benling
2021-22,Benling,0.03,Mar,1013,01-03-2022,Benling
2021-22,Jitendra,0.02,Apr,36,01-04-2021,Jitendra
2021-22,Jitendra,0.02,May,13,01-05-2021,Jitendra
2021-22,Jitendra,0.02,Jun,43,01-06-2021,Jitendra
2021-22,Jitendra,0.02,Jul,212,01-07-2021,Jitendra
2021-22,Jitendra,0.02,Aug,196,01-08-2021,Jitendra
2021-22,Jitendra,0.02,Sep,131,01-09-2021,Jitendra
2021-22,Jitendra,0.02,Oct,280,01-10-2021,Jitendra
2021-22,Jitendra,0.02,Nov,256,01-11-2021,Jitendra
2021-22,Jitendra,0.02,Dec,493,01-12-2021,Jitendra
2021-22,Jitendra,0.02,Jan,532,01-01-2022,Jitendra
2021-22,Jitendra,0.02,Feb,562,01-02-2022,Jitendra
2021-22,Jitendra,0.02,Mar,1034,01-03-2022,Jitendra
2021-22,Others,0.1,Apr,749,01-04-2021,Others
2021-22,Others,0.1,May,260,01-05-2021,Others
2021-22,Others,0.1,Jun,567,01-06-2021,Others
2021-22,Others,0.1,Jul,1202,01-07-2021,Others
2021-22,Others,0.1,Aug,1279,01-08-2021,Others
2021-22,Others,0.1,Sep,1627,01-09-2021,Others
2021-22,Others,0.1,Oct,1827,01-10-2021,Others
2021-22,Others,0.1,Nov,2318,01-11-2021,Others
2021-22,Others,0.1,Dec,2604,01-12-2021,Others
2021-22,Others,0.1,Jan,2900,01-01-2022,Others
2021-22,Others,0.1,Feb,3795,01-02-2022,Others
2021-22,Others,0.1,Mar,4977,01-03-2022,Others
2022-23,OLA ELECTRIC,0.21,Apr,12708,01-04-2022,Ola
2022-23,OLA ELECTRIC,0.21,May,9268,01-05-2022,Ola
2022-23,OLA ELECTRIC,0.21,Jun,5898,01-06-2022,Ola
2022-23,OLA ELECTRIC,0.21,Jul,3864,01-07-2022,Ola
2022-23,OLA ELECTRIC,0.21,Aug,3476,01-08-2022,Ola
2022-23,OLA ELECTRIC,0.21,Sep,9896,01-09-2022,Ola
2022-23,OLA ELECTRIC,0.21,Oct,16353,01-10-2022,Ola
2022-23,OLA ELECTRIC,0.21,Nov,16385,01-11-2022,Ola
2022-23,OLA ELECTRIC,0.21,Dec,17362,01-12-2022,Ola
2022-23,OLA ELECTRIC,0.21,Jan,18338,01-01-2023,Ola
2022-23,OLA ELECTRIC,0.21,Feb,17720,01-02-2023,Ola
2022-23,OLA ELECTRIC,0.21,March,21299,01-03-2023,Ola
2022-23,OKINAWA,0.13,Apr,11012,01-04-2022,Okinawa
2022-23,OKINAWA,0.13,May,9307,01-05-2022,Okinawa
2022-23,OKINAWA,0.13,Jun,6984,01-06-2022,Okinawa
2022-23,OKINAWA,0.13,Jul,8098,01-07-2022,Okinawa
2022-23,OKINAWA,0.13,Aug,8679,01-08-2022,Okinawa
2022-23,OKINAWA,0.13,Sep,8498,01-09-2022,Okinawa
2022-23,OKINAWA,0.13,Oct,14945,01-10-2022,Okinawa
2022-23,OKINAWA,0.13,Nov,9065,01-11-2022,Okinawa
2022-23,OKINAWA,0.13,Dec,5282,01-12-2022,Okinawa
2022-23,OKINAWA,0.13,Jan,4408,01-01-2023,Okinawa
2022-23,OKINAWA,0.13,Feb,3846,01-02-2023,Okinawa
2022-23,OKINAWA,0.13,March,4507,01-03-2023,Okinawa
2022-23,HERO ELECTRIC,0.12,Apr,6804,01-04-2022,Hero Electric
2022-23,HERO ELECTRIC,0.12,May,2971,01-05-2022,Hero Electric
2022-23,HERO ELECTRIC,0.12,Jun,6837,01-06-2022,Hero Electric
2022-23,HERO ELECTRIC,0.12,Jul,9306,01-07-2022,Hero Electric
2022-23,HERO ELECTRIC,0.12,Aug,10820,01-08-2022,Hero Electric
2022-23,HERO ELECTRIC,0.12,Sep,8210,01-09-2022,Hero Electric
2022-23,HERO ELECTRIC,0.12,Oct,8869,01-10-2022,Hero Electric
2022-23,HERO ELECTRIC,0.12,Nov,9027,01-11-2022,Hero Electric
2022-23,HERO ELECTRIC,0.12,Dec,8101,01-12-2022,Hero Electric
2022-23,HERO ELECTRIC,0.12,Jan,6399,01-01-2023,Hero Electric
2022-23,HERO ELECTRIC,0.12,Feb,5865,01-02-2023,Hero Electric
2022-23,HERO ELECTRIC,0.12,March,6653,01-03-2023,Hero Electric
2022-23,AMPERE,0.12,Apr,6865,01-04-2022,Ampere
2022-23,AMPERE,0.12,May,6179,01-05-2022,Ampere
2022-23,AMPERE,0.12,Jun,6920,01-06-2022,Ampere
2022-23,AMPERE,0.12,Jul,6813,01-07-2022,Ampere
2022-23,AMPERE,0.12,Aug,6773,01-08-2022,Ampere
2022-23,AMPERE,0.12,Sep,6478,01-09-2022,Ampere
2022-23,AMPERE,0.12,Oct,10077,01-10-2022,Ampere
2022-23,AMPERE,0.12,Nov,12260,01-11-2022,Ampere
2022-23,AMPERE,0.12,Dec,4422,01-12-2022,Ampere
2022-23,AMPERE,0.12,Jan,4371,01-01-2023,Ampere
2022-23,AMPERE,0.12,Feb,5850,01-02-2023,Ampere
2022-23,AMPERE,0.12,March,9343,01-03-2023,Ampere
2022-23,TVS,0.11,Apr,1498,01-04-2022,TVS
2022-23,TVS,0.11,May,480,01-05-2022,TVS
2022-23,TVS,0.11,Jun,1980,01-06-2022,TVS
2022-23,TVS,0.11,Jul,4347,01-07-2022,TVS
2022-23,TVS,0.11,Aug,6412,01-08-2022,TVS
2022-23,TVS,0.11,Sep,3994,01-09-2022,TVS
2022-23,TVS,0.11,Oct,5811,01-10-2022,TVS
2022-23,TVS,0.11,Nov,8132,01-11-2022,TVS
2022-23,TVS,0.11,Dec,9358,01-12-2022,TVS
2022-23,TVS,0.11,Jan,10460,01-01-2023,TVS
2022-23,TVS,0.11,Feb,12649,01-02-2023,TVS
2022-23,TVS,0.11,March,16779,01-03-2023,TVS
2022-23,ATHER,0.11,Apr,2451,01-04-2022,Ather
2022-23,ATHER,0.11,May,3338,01-05-2022,Ather
2022-23,ATHER,0.11,Jun,3830,01-06-2022,Ather
2022-23,ATHER,0.11,Jul,1289,01-07-2022,Ather
2022-23,ATHER,0.11,Aug,5380,01-08-2022,Ather
2022-23,ATHER,0.11,Sep,6281,01-09-2022,Ather
2022-23,ATHER,0.11,Oct,7359,01-10-2022,Ather
2022-23,ATHER,0.11,Nov,7840,01-11-2022,Ather
2022-23,ATHER,0.11,Dec,7693,01-12-2022,Ather
2022-23,ATHER,0.11,Jan,9229,01-01-2023,Ather
2022-23,ATHER,0.11,Feb,10068,01-02-2023,Ather
2022-23,ATHER,0.11,March,12079,01-03-2023,Ather
2022-23,BAJAJ,0.04,Apr,1223,01-04-2022,Bajaj
2022-23,BAJAJ,0.04,May,1810,01-05-2022,Bajaj
2022-23,BAJAJ,0.04,Jun,1824,01-06-2022,Bajaj
2022-23,BAJAJ,0.04,Jul,2484,01-07-2022,Bajaj
2022-23,BAJAJ,0.04,Aug,2615,01-08-2022,Bajaj
2022-23,BAJAJ,0.04,Sep,2608,01-09-2022,Bajaj
2022-23,BAJAJ,0.04,Oct,3466,01-10-2022,Bajaj
2022-23,BAJAJ,0.04,Nov,3031,01-11-2022,Bajaj
2022-23,BAJAJ,0.04,Dec,3229,01-12-2022,Bajaj
2022-23,BAJAJ,0.04,Jan,3247,01-01-2023,Bajaj
2022-23,BAJAJ,0.04,Feb,2536,01-02-2023,Bajaj
2022-23,BAJAJ,0.04,March,4486,01-03-2023,Bajaj
2022-23,OKAYA EV,0.02,Apr,0,01-04-2022,Okaya
2022-23,OKAYA EV,0.02,May,19,01-05-2022,Okaya
2022-23,OKAYA EV,0.02,Jun,760,01-06-2022,Okaya
2022-23,OKAYA EV,0.02,Jul,1076,01-07-2022,Okaya
2022-23,OKAYA EV,0.02,Aug,905,01-08-2022,Okaya
2022-23,OKAYA EV,0.02,Sep,954,01-09-2022,Okaya
2022-23,OKAYA EV,0.02,Oct,1968,01-10-2022,Okaya
2022-23,OKAYA EV,0.02,Nov,1783,01-11-2022,Okaya
2022-23,OKAYA EV,0.02,Dec,1448,01-12-2022,Okaya
2022-23,OKAYA EV,0.02,Jan,1265,01-01-2023,Okaya
2022-23,OKAYA EV,0.02,Feb,1232,01-02-2023,Okaya
2022-23,OKAYA EV,0.02,March,1763,01-03-2023,Okaya
2022-23,REVOLT,0.02,Apr,1241,01-04-2022,Revolt
2022-23,REVOLT,0.02,May,1586,01-05-2022,Revolt
2022-23,REVOLT,0.02,Jun,2424,01-06-2022,Revolt
2022-23,REVOLT,0.02,Jul,2319,01-07-2022,Revolt
2022-23,REVOLT,0.02,Aug,1662,01-08-2022,Revolt
2022-23,REVOLT,0.02,Sep,865,01-09-2022,Revolt
2022-23,REVOLT,0.02,Oct,1041,01-10-2022,Revolt
2022-23,REVOLT,0.02,Nov,524,01-11-2022,Revolt
2022-23,REVOLT,0.02,Dec,37,01-12-2022,Revolt
2022-23,REVOLT,0.02,Jan,14,01-01-2023,Revolt
2022-23,REVOLT,0.02,Feb,79,01-02-2023,Revolt
2022-23,REVOLT,0.02,March,1132,01-03-2023,Revolt
2022-23,PURE EV,0.02,Apr,1756,01-04-2022,Pure EV
2022-23,PURE EV,0.02,May,1464,01-05-2022,Pure EV
2022-23,PURE EV,0.02,Jun,1125,01-06-2022,Pure EV
2022-23,PURE EV,0.02,Jul,1000,01-07-2022,Pure EV
2022-23,PURE EV,0.02,Aug,880,01-08-2022,Pure EV
2022-23,PURE EV,0.02,Sep,790,01-09-2022,Pure EV
2022-23,PURE EV,0.02,Oct,1047,01-10-2022,Pure EV
2022-23,PURE EV,0.02,Nov,925,01-11-2022,Pure EV
2022-23,PURE EV,0.02,Dec,780,01-12-2022,Pure EV
2022-23,PURE EV,0.02,Jan,716,01-01-2023,Pure EV
2022-23,PURE EV,0.02,Feb,488,01-02-2023,Pure EV
2022-23,PURE EV,0.02,March,584,01-03-2023,Pure EV
2022-23,BEING INDIA,0.01,Apr,820,01-04-2022,Being India
2022-23,BEING INDIA,0.01,May,792,01-05-2022,Being India
2022-23,BEING INDIA,0.01,Jun,959,01-06-2022,Being India
2022-23,BEING INDIA,0.01,Jul,1167,01-07-2022,Being India
2022-23,BEING INDIA,0.01,Aug,1063,01-08-2022,Being India
2022-23,BEING INDIA,0.01,Sep,976,01-09-2022,Being India
2022-23,BEING INDIA,0.01,Oct,1422,01-10-2022,Being India
2022-23,BEING INDIA,0.01,Nov,1216,01-11-2022,Being India
2022-23,BEING INDIA,0.01,Dec,966,01-12-2022,Being India
2022-23,BEING INDIA,0.01,Jan,571,01-01-2023,Being India
2022-23,BEING INDIA,0.01,Feb,337,01-02-2023,Being India
2022-23,BEING INDIA,0.01,March,444,01-03-2023,Being India
2022-23,JITENDRA NEW EV,0.01,Apr,915,01-04-2022,Jitendra
2022-23,JITENDRA NEW EV,0.01,May,626,01-05-2022,Jitendra
2022-23,JITENDRA NEW EV,0.01,Jun,549,01-06-2022,Jitendra
2022-23,JITENDRA NEW EV,0.01,Jul,847,01-07-2022,Jitendra
2022-23,JITENDRA NEW EV,0.01,Aug,647,01-08-2022,Jitendra
2022-23,JITENDRA NEW EV,0.01,Sep,661,01-09-2022,Jitendra
2022-23,JITENDRA NEW EV,0.01,Oct,1111,01-10-2022,Jitendra
2022-23,JITENDRA NEW EV,0.01,Nov,1255,01-11-2022,Jitendra
2022-23,JITENDRA NEW EV,0.01,Dec,668,01-12-2022,Jitendra
2022-23,JITENDRA NEW EV,0.01,Jan,522,01-01-2023,Jitendra
2022-23,JITENDRA NEW EV,0.01,Feb,308,01-02-2023,Jitendra
2022-23,JITENDRA NEW EV,0.01,March,350,01-03-2023,Jitendra
2022-23,OTHERS,0.08,Apr,5967,01-04-2022,Others
2022-23,OTHERS,0.08,May,4563,01-05-2022,Others
2022-23,OTHERS,0.08,Jun,4278,01-06-2022,Others
2022-23,OTHERS,0.08,Jul,3990,01-07-2022,Others
2022-23,OTHERS,0.08,Aug,2867,01-08-2022,Others
2022-23,OTHERS,0.08,Sep,3019,01-09-2022,Others
2022-23,OTHERS,0.08,Oct,3625,01-10-2022,Others
2022-23,OTHERS,0.08,Nov,5241,01-11-2022,Others
2022-23,OTHERS,0.08,Dec,5233,01-12-2022,Others
2022-23,OTHERS,0.08,Jan,5111,01-01-2023,Others
2022-23,OTHERS,0.08,Feb,5083,01-02-2023,Others
2022-23,OTHERS,0.08,March,7562,01-03-2023,Others
